Date,Opponent,Venue,Runs,Balls,Out,Singles,Doubles,Triples,Fours,Sixes,StrikeRate,CumulativeRuns,CumulativeOuts,Average,50s,100s
2008-08-18,Sri Lanka,Rangiri Dambulla International Stadium,12,22,1,3,1,1,1,0,54.5454545454545,12,1,12,0,0
2008-08-20,Sri Lanka,Rangiri Dambulla International Stadium,37,69,1,9,2,0,6,0,53.6231884057971,49,2,24.5,0,0
2008-08-24,Sri Lanka,R Premadasa Stadium,25,41,1,3,0,2,4,0,60.9756097560976,74,3,24.6666666666667,0,0
2008-08-27,Sri Lanka,R Premadasa Stadium,54,66,1,8,6,2,7,0,81.8181818181818,128,4,32,1,0
2008-08-29,Sri Lanka,R Premadasa Stadium,31,47,1,5,4,0,3,1,65.9574468085106,159,5,31.8,0,0
2009-09-14,Sri Lanka,R Premadasa Stadium,2,2,0,2,0,0,0,0,100,161,5,32.2,0,0
2009-09-26,Pakistan,SuperSport Park,16,24,1,10,1,0,1,0,66.6666666666667,177,6,29.5,0,0
2009-09-30,West Indies,New Wanderers Stadium,79,107,0,19,6,0,9,2,73.8317757009346,256,6,42.6666666666667,1,0
2009-10-25,Australia,Reliance Stadium,30,42,1,18,0,0,3,0,71.4285714285714,286,7,40.8571428571429,0,0
2009-11-02,Australia,"Punjab Cricket Association Stadium, Mohali",10,17,1,6,0,0,1,0,58.8235294117647,296,8,37,0,0
2009-12-15,Sri Lanka,Madhavrao Scindia Cricket Ground,27,19,1,5,3,0,4,0,142.105263157895,323,9,35.8888888888889,0,0
2009-12-18,Sri Lanka,"Vidarbha Cricket Association Stadium, Jamtha",54,65,1,22,2,0,7,0,83.0769230769231,377,10,37.7,1,0
2009-12-24,Sri Lanka,Eden Gardens,107,119,1,49,4,0,11,1,89.9159663865546,484,11,44,0,1
2010-01-05,Sri Lanka,Shere Bangla National Stadium,9,12,1,5,0,0,1,0,75,493,12,41.0833333333333,0,0
2010-01-07,Bangladesh,Shere Bangla National Stadium,91,107,1,41,11,0,7,0,85.0467289719626,584,13,44.9230769230769,1,0
2010-01-10,Sri Lanka,Shere Bangla National Stadium,71,69,0,21,4,2,9,0,102.898550724638,655,13,50.3846153846154,1,0
2010-01-11,Bangladesh,Shere Bangla National Stadium,102,95,0,39,8,1,11,0,107.368421052632,757,13,58.2307692307692,0,1
2010-01-13,Sri Lanka,Shere Bangla National Stadium,2,8,1,0,1,0,0,0,25,759,14,54.2142857142857,0,0
2010-02-21,South Africa,Sawai Mansingh Stadium,31,46,1,25,1,0,1,0,67.3913043478261,790,15,52.6666666666667,0,0
2010-02-27,South Africa,"Sardar Patel Stadium, Motera",57,71,1,29,3,0,4,1,80.2816901408451,847,16,52.9375,1,0
2010-05-30,Sri Lanka,Queens Sports Club,82,93,1,42,8,1,4,0,88.1720430107527,929,17,54.6470588235294,1,0
2010-06-03,Zimbabwe,Harare Sports Club,18,29,1,10,2,0,1,0,62.0689655172414,947,18,52.6111111111111,0,0
2010-06-05,Sri Lanka,Harare Sports Club,68,95,1,34,7,0,5,0,71.5789473684211,1015,19,53.4210526315789,1,0
2010-06-16,Bangladesh,Rangiri Dambulla International Stadium,11,22,1,7,2,0,0,0,50,1026,20,51.3,0,0
2010-06-19,Pakistan,Rangiri Dambulla International Stadium,18,27,1,8,3,0,1,0,66.6666666666667,1044,21,49.7142857142857,0,0
2010-06-22,Sri Lanka,Rangiri Dambulla International Stadium,10,14,1,3,0,1,1,0,71.4285714285714,1054,22,47.9090909090909,0,0
2010-06-24,Sri Lanka,Rangiri Dambulla International Stadium,28,34,1,10,1,0,4,0,82.3529411764706,1082,23,47.0434782608696,0,0
2010-08-16,Sri Lanka,Rangiri Dambulla International Stadium,0,3,1,0,0,0,0,0,0,1082,24,45.0833333333333,0,0
2010-08-25,New Zealand,Rangiri Dambulla International Stadium,8,16,1,2,1,0,1,0,50,1090,25,43.6,0,0
2010-08-28,Sri Lanka,Rangiri Dambulla International Stadium,37,57,1,8,3,1,5,0,64.9122807017544,1127,26,43.3461538461539,0,0
2010-10-20,Australia,Dr. Y.S. Rajasekhara Reddy ACA-VDCA Cricket Stadium,118,125,1,52,8,0,11,1,94.4,1245,27,46.1111111111111,0,1
2010-11-28,New Zealand,Nehru Stadium,105,107,1,42,7,3,10,0,98.1308411214953,1350,28,48.2142857142857,0,1
2010-12-01,New Zealand,Sawai Mansingh Stadium,64,73,1,20,6,0,8,0,87.6712328767123,1414,29,48.7586206896552,1,0
2010-12-04,New Zealand,Reliance Stadium,63,73,0,23,2,0,6,2,86.3013698630137,1477,29,50.9310344827586,1,0
2010-12-07,New Zealand,M Chinnaswamy Stadium,0,3,1,0,0,0,0,0,0,1477,30,49.2333333333333,0,0
2010-12-10,New Zealand,"MA Chidambaram Stadium, Chepauk",2,8,1,0,1,0,0,0,25,1479,31,47.7096774193548,0,0
2011-01-12,South Africa,Kingsmead,54,72,1,32,4,0,2,1,75,1533,32,47.90625,1,0
2011-01-15,South Africa,New Wanderers Stadium,22,34,1,6,6,0,1,0,64.7058823529412,1555,33,47.1212121212121,0,0
2011-01-18,South Africa,Newlands,28,42,1,6,1,0,5,0,66.6666666666667,1583,34,46.5588235294118,0,0
2011-01-21,South Africa,St George's Park,87,92,0,31,8,0,7,2,94.5652173913043,1670,34,49.1176470588235,1,0
2011-01-23,South Africa,SuperSport Park,2,6,1,2,0,0,0,0,33.3333333333333,1672,35,47.7714285714286,0,0
2011-02-19,Bangladesh,Shere Bangla National Stadium,100,86,0,39,7,1,8,2,116.279069767442,1772,35,50.6285714285714,0,1
2011-02-27,England,M Chinnaswamy Stadium,8,5,1,2,1,0,1,0,160,1780,36,49.4444444444444,0,0
2011-03-06,Ireland,M Chinnaswamy Stadium,34,54,0,22,0,0,3,0,62.962962962963,1814,36,50.3888888888889,0,0
2011-03-09,Netherlands,Feroz Shah Kotla,12,20,1,2,1,0,2,0,60,1826,37,49.3513513513514,0,0
2011-03-12,South Africa,"Vidarbha Cricket Association Stadium, Jamtha",1,3,1,1,0,0,0,0,33.3333333333333,1827,38,48.0789473684211,0,0
2011-03-20,West Indies,"MA Chidambaram Stadium, Chepauk",59,78,1,35,2,0,5,0,75.6410256410256,1886,39,48.3589743589744,1,0
2011-03-24,Australia,"Sardar Patel Stadium, Motera",24,33,1,18,1,0,1,0,72.7272727272727,1910,40,47.75,0,0
2011-03-30,Pakistan,"Punjab Cricket Association Stadium, Mohali",9,21,1,9,0,0,0,0,42.8571428571429,1919,41,46.8048780487805,0,0
2011-04-02,Sri Lanka,Wankhede Stadium,35,52,1,11,4,0,4,0,67.3076923076923,1954,42,46.5238095238095,0,0
2011-06-06,West Indies,"Queen's Park Oval, Port of Spain",2,8,1,2,0,0,0,0,25,1956,43,45.4883720930233,0,0
2011-06-08,West Indies,"Queen's Park Oval, Port of Spain",81,106,1,39,6,0,6,1,76.4150943396226,2037,44,46.2954545454546,1,0
2011-06-11,West Indies,"Sir Vivian Richards Stadium, North Sound",0,1,1,0,0,0,0,0,0,2037,45,45.2666666666667,0,0
2011-06-13,West Indies,"Sir Vivian Richards Stadium, North Sound",22,33,1,15,0,1,1,0,66.6666666666667,2059,46,44.7608695652174,0,0
2011-06-16,West Indies,"Sabina Park, Kingston",94,107,1,44,5,0,10,0,87.8504672897196,2153,47,45.8085106382979,1,0
2011-09-03,England,Riverside Ground,55,74,1,33,3,0,4,0,74.3243243243243,2208,48,46,1,0
2011-09-06,England,The Rose Bowl,9,9,1,5,2,0,0,0,100,2217,49,45.2448979591837,0,0
2011-09-09,England,Kennington Oval,7,18,1,3,2,0,0,0,38.8888888888889,2224,50,44.48,0,0
2011-09-11,England,Lord's,16,39,1,8,2,0,1,0,41.025641025641,2240,51,43.921568627451,0,0
2011-09-16,England,Sophia Gardens,107,93,1,35,12,2,9,1,115.05376344086,2347,52,45.1346153846154,0,1
2011-10-14,England,"Rajiv Gandhi International Stadium, Uppal",37,63,1,29,4,0,0,0,58.7301587301587,2384,53,44.9811320754717,0,0
2011-10-17,England,Feroz Shah Kotla,112,104,0,39,3,1,16,0,107.692307692308,2496,53,47.0943396226415,0,1
2011-10-20,England,"Punjab Cricket Association Stadium, Mohali",35,30,1,8,2,1,5,0,116.666666666667,2531,54,46.8703703703704,0,0
2011-10-23,England,Wankhede Stadium,86,99,0,36,3,0,11,0,86.8686868686869,2617,54,48.462962962963,1,0
2011-10-25,England,Eden Gardens,0,5,1,0,0,0,0,0,0,2617,55,47.5818181818182,0,0
2011-11-29,West Indies,Barabati Stadium,3,7,1,1,1,0,0,0,42.8571428571429,2620,56,46.7857142857143,0,0
2011-12-02,West Indies,Dr. Y.S. Rajasekhara Reddy ACA-VDCA Cricket Stadium,117,127,1,53,4,0,14,0,92.1259842519685,2737,57,48.0175438596491,0,1
2011-12-05,West Indies,"Sardar Patel Stadium, Motera",20,30,1,6,1,0,3,0,66.6666666666667,2757,58,47.5344827586207,0,0
2011-12-08,West Indies,Holkar Cricket Stadium,23,13,0,3,4,0,3,0,176.923076923077,2780,58,47.9310344827586,0,0
2011-12-11,West Indies,"MA Chidambaram Stadium, Chepauk",80,86,1,48,6,0,5,0,93.0232558139535,2860,59,48.4745762711864,1,0
2012-02-05,Australia,Melbourne Cricket Ground,31,34,1,8,4,1,3,0,91.1764705882353,2891,60,48.1833333333333,0,0
2012-02-08,Sri Lanka,Western Australia Cricket Association Ground,77,94,1,31,4,0,8,1,81.9148936170213,2968,61,48.655737704918,1,0
2012-02-12,Australia,Adelaide Oval,18,28,1,11,0,1,1,0,64.2857142857143,2986,62,48.1612903225807,0,0
2012-02-14,Sri Lanka,Adelaide Oval,15,25,1,9,1,0,1,0,60,3001,63,47.6349206349206,0,0
2012-02-19,Australia,"Brisbane Cricket Ground, Woolloongabba",12,25,1,7,1,1,0,0,48,3013,64,47.078125,0,0
2012-02-21,Sri Lanka,"Brisbane Cricket Ground, Woolloongabba",66,83,1,34,12,0,2,0,79.5180722891566,3079,65,47.3692307692308,1,0
2012-02-26,Australia,Sydney Cricket Ground,21,27,1,9,2,0,2,0,77.7777777777778,3100,66,46.969696969697,0,0
2012-02-28,Sri Lanka,Bellerive Oval,133,91,0,37,10,0,16,2,146.153846153846,3233,66,48.9848484848485,0,1
2012-03-13,Sri Lanka,Shere Bangla National Stadium,108,122,1,58,11,0,7,0,88.5245901639344,3341,67,49.865671641791,0,1
2012-03-16,Bangladesh,Shere Bangla National Stadium,66,82,1,40,3,0,5,0,80.4878048780488,3407,68,50.1029411764706,1,0
2012-03-18,Pakistan,Shere Bangla National Stadium,183,151,1,56,12,1,22,2,121.192052980132,3590,69,52.0289855072464,0,1
2012-07-21,Sri Lanka,"Mahinda Rajapaksa International Cricket Stadium, Sooriyawewa",106,113,1,50,7,2,9,0,93.8053097345133,3696,70,52.8,0,1
2012-07-24,Sri Lanka,"Mahinda Rajapaksa International Cricket Stadium, Sooriyawewa",1,5,1,1,0,0,0,0,20,3697,71,52.0704225352113,0,0
2012-07-28,Sri Lanka,R Premadasa Stadium,38,69,1,22,4,0,2,0,55.0724637681159,3735,72,51.875,0,0
2012-07-31,Sri Lanka,R Premadasa Stadium,128,121,0,46,11,0,12,2,105.785123966942,3863,72,53.6527777777778,0,1
2012-08-04,Sri Lanka,Pallekele International Cricket Stadium,23,36,1,7,4,0,2,0,63.8888888888889,3886,73,53.2328767123288,0,0
2012-12-30,Pakistan,"MA Chidambaram Stadium, Chepauk",0,5,1,0,0,0,0,0,0,3886,74,52.5135135135135,0,0
2013-01-03,Pakistan,Eden Gardens,6,9,1,0,1,0,1,0,66.6666666666667,3892,75,51.8933333333333,0,0
2013-01-06,Pakistan,Feroz Shah Kotla,7,18,1,3,0,0,1,0,38.8888888888889,3899,76,51.3026315789474,0,0
2013-01-11,England,Saurashtra Cricket Association Stadium,15,22,1,11,0,0,1,0,68.1818181818182,3914,77,50.8311688311688,0,0
2013-01-15,England,Nehru Stadium,37,55,1,25,1,0,1,1,67.2727272727273,3951,78,50.6538461538462,0,0
2013-01-19,England,JSCA International Stadium Complex,77,80,0,19,5,0,9,2,96.25,4028,78,51.6410256410256,1,0
2013-01-23,England,"Punjab Cricket Association Stadium, Mohali",26,33,1,10,2,0,3,0,78.7878787878788,4054,79,51.3164556962025,0,0
2013-01-27,England,Himachal Pradesh Cricket Association Stadium,0,1,1,0,0,0,0,0,0,4054,80,50.675,0,0
2013-06-06,South Africa,Sophia Gardens,31,41,1,17,3,0,2,0,75.609756097561,4085,81,50.4320987654321,0,0
2013-06-11,West Indies,Kennington Oval,22,18,1,2,2,0,4,0,122.222222222222,4107,82,50.0853658536585,0,0
2013-06-15,Pakistan,Edgbaston,22,27,0,8,1,0,3,0,81.4814814814815,4129,82,50.3536585365854,0,0
2013-06-20,Sri Lanka,Sophia Gardens,58,65,0,19,7,1,4,1,89.2307692307692,4187,82,51.0609756097561,1,0
2013-06-23,England,Edgbaston,43,36,1,13,4,0,4,1,119.444444444444,4230,83,50.9638554216867,0,0
2013-06-30,West Indies,"Sabina Park, Kingston",11,21,1,3,1,0,0,1,52.3809523809524,4241,84,50.4880952380952,0,0
2013-07-02,Sri Lanka,"Sabina Park, Kingston",2,5,1,2,0,0,0,0,40,4243,85,49.9176470588235,0,0
2013-07-05,West Indies,"Queen's Park Oval, Port of Spain",102,88,1,26,6,0,13,2,115.909090909091,4345,86,50.5232558139535,0,1
2013-07-09,Sri Lanka,"Queen's Park Oval, Port of Spain",31,52,1,13,1,0,4,0,59.6153846153846,4376,87,50.2988505747126,0,0
2013-07-11,Sri Lanka,"Queen's Park Oval, Port of Spain",2,5,1,2,0,0,0,0,40,4378,88,49.75,0,0
2013-07-24,Zimbabwe,Harare Sports Club,115,109,1,47,5,0,13,1,105.504587155963,4493,89,50.4831460674157,0,1
2013-07-26,Zimbabwe,Harare Sports Club,14,18,1,2,0,0,3,0,77.7777777777778,4507,90,50.0777777777778,0,0
2013-07-28,Zimbabwe,Harare Sports Club,68,91,0,26,8,0,5,1,74.7252747252747,4575,90,50.8333333333333,1,0
2013-10-13,Australia,Maharashtra Cricket Association Stadium,61,85,1,31,3,0,6,0,71.7647058823529,4636,91,50.9450549450549,1,0
2013-10-16,Australia,Sawai Mansingh Stadium,100,54,0,22,2,0,8,7,185.185185185185,4736,91,52.043956043956,0,1
2013-10-19,Australia,"Punjab Cricket Association Stadium, Mohali",68,74,1,26,3,0,9,0,91.8918918918919,4804,92,52.2173913043478,1,0
2013-10-30,Australia,"Vidarbha Cricket Association Stadium, Jamtha",115,66,0,23,7,0,18,1,174.242424242424,4919,92,53.4673913043478,0,1
2013-11-02,Australia,M Chinnaswamy Stadium,0,3,1,0,0,0,0,0,0,4919,93,52.8924731182796,0,0
2013-11-21,West Indies,Nehru Stadium,86,89,1,30,4,0,9,2,96.6292134831461,5005,94,53.2446808510638,1,0
2013-11-24,West Indies,Dr. Y.S. Rajasekhara Reddy ACA-VDCA Cricket Stadium,99,102,1,53,5,0,9,0,97.0588235294118,5104,95,53.7263157894737,1,0
2013-11-27,West Indies,Green Park,19,18,1,3,2,0,3,0,105.555555555556,5123,96,53.3645833333333,0,0
2013-12-05,South Africa,New Wanderers Stadium,31,38,1,3,4,0,5,0,81.5789473684211,5154,97,53.1340206185567,0,0
2013-12-08,South Africa,Kingsmead,0,6,1,0,0,0,0,0,0,5154,98,52.5918367346939,0,0
2014-01-19,New Zealand,McLean Park,123,113,1,42,11,1,11,2,108.849557522124,5277,99,53.3030303030303,0,1
2014-01-22,New Zealand,Seddon Park,78,69,1,26,6,0,7,2,113.04347826087,5355,100,53.55,1,0
2014-01-25,New Zealand,Eden Park,6,20,1,2,0,0,1,0,30,5361,101,53.0792079207921,0,0
2014-01-28,New Zealand,Seddon Park,2,11,1,2,0,0,0,0,18.1818181818182,5363,102,52.578431372549,0,0
2014-01-31,New Zealand,Westpac Stadium,82,78,1,25,4,1,7,3,105.128205128205,5445,103,52.8640776699029,1,0
2014-02-26,Bangladesh,Khan Shaheb Osman Ali Stadium,136,129,1,42,9,0,16,2,105.426356589147,5581,104,53.6634615384615,0,1
2014-02-28,Sri Lanka,Khan Shaheb Osman Ali Stadium,48,52,1,26,0,0,4,1,92.3076923076923,5629,105,53.6095238095238,0,0
2014-03-02,Pakistan,Shere Bangla National Stadium,5,11,1,3,1,0,0,0,45.4545454545455,5634,106,53.1509433962264,0,0
2014-08-27,England,Sophia Gardens,0,3,1,0,0,0,0,0,0,5634,107,52.6542056074766,0,0
2014-08-30,England,Trent Bridge,40,50,1,17,3,1,2,1,80,5674,108,52.537037037037,0,0
2014-09-02,England,Edgbaston,1,3,0,1,0,0,0,0,33.3333333333333,5675,108,52.5462962962963,0,0
2014-09-05,England,Headingley,13,22,1,3,1,0,2,0,59.0909090909091,5688,109,52.1834862385321,0,0
2014-10-08,West Indies,Nehru Stadium,2,5,1,0,1,0,0,0,40,5690,110,51.7272727272727,0,0
2014-10-11,West Indies,Feroz Shah Kotla,62,80,1,34,4,0,5,0,77.5,5752,111,51.8198198198198,1,0
2014-10-17,West Indies,Himachal Pradesh Cricket Association Stadium,127,115,1,45,6,0,13,3,110.434782608696,5879,112,52.4910714285714,0,1
2014-11-02,Sri Lanka,Barabati Stadium,22,22,1,10,2,0,2,0,100,5901,113,52.2212389380531,0,0
2014-11-06,Sri Lanka,"Sardar Patel Stadium, Motera",49,44,1,23,3,0,2,2,111.363636363636,5950,114,52.1929824561404,0,0
2014-11-09,Sri Lanka,"Rajiv Gandhi International Stadium, Uppal",53,61,1,19,6,0,4,1,86.8852459016393,6003,115,52.2,1,0
2014-11-13,Sri Lanka,Eden Gardens,66,65,1,36,3,0,6,0,101.538461538462,6069,116,52.3189655172414,1,0
2014-11-16,Sri Lanka,JSCA International Stadium Complex,139,130,0,55,9,0,12,3,106.923076923077,6208,116,53.5172413793103,0,1
2015-01-18,Australia,Melbourne Cricket Ground,9,17,1,3,3,0,0,0,52.9411764705882,6217,117,53.1367521367521,0,0
2015-01-20,England,"Brisbane Cricket Ground, Woolloongabba",4,8,1,2,1,0,0,0,50,6221,118,52.7203389830508,0,0
2015-01-26,Australia,Sydney Cricket Ground,3,9,0,3,0,0,0,0,33.3333333333333,6224,118,52.7457627118644,0,0
2015-01-30,England,Western Australia Cricket Association Ground,8,19,1,8,0,0,0,0,42.1052631578947,6232,119,52.3697478991597,0,0
2015-02-15,Pakistan,Adelaide Oval,107,127,1,56,8,1,8,0,84.251968503937,6339,120,52.825,0,1
2015-02-22,South Africa,Melbourne Cricket Ground,46,60,1,26,4,0,3,0,76.6666666666667,6385,121,52.7685950413223,0,0
2015-02-28,United Arab Emirates,Western Australia Cricket Association Ground,33,41,0,9,2,0,5,0,80.4878048780488,6418,121,53.0413223140496,0,0
2015-03-06,West Indies,Western Australia Cricket Association Ground,33,39,1,8,1,1,5,0,84.6153846153846,6451,122,52.8770491803279,0,0
2015-03-10,Ireland,Seddon Park,44,44,0,18,2,0,4,1,100,6495,122,53.2377049180328,0,0
2015-03-14,Zimbabwe,Eden Park,38,52,1,16,3,0,4,0,73.0769230769231,6533,123,53.1138211382114,0,0
2015-03-19,Bangladesh,Melbourne Cricket Ground,3,9,1,1,1,0,0,0,33.3333333333333,6536,124,52.7096774193548,0,0
2015-03-26,Australia,Sydney Cricket Ground,1,13,1,1,0,0,0,0,7.69230769230769,6537,125,52.296,0,0
2015-06-18,Bangladesh,Shere Bangla National Stadium,1,4,1,1,0,0,0,0,25,6538,126,51.8888888888889,0,0
2015-06-21,Bangladesh,Shere Bangla National Stadium,23,30,1,2,0,1,3,1,76.6666666666667,6561,127,51.6614173228346,0,0
2015-06-24,Bangladesh,Shere Bangla National Stadium,25,37,1,14,2,1,1,0,67.5675675675676,6586,128,51.453125,0,0
2015-10-11,South Africa,Green Park,11,19,1,7,2,0,0,0,57.8947368421053,6597,129,51.1395348837209,0,0
2015-10-14,South Africa,Holkar Cricket Stadium,12,18,0,10,1,0,0,0,66.6666666666667,6609,129,51.2325581395349,0,0
2015-10-18,South Africa,Saurashtra Cricket Association Stadium,77,103,1,39,6,2,5,0,74.7572815533981,6686,130,51.4307692307692,1,0
2015-10-22,South Africa,"MA Chidambaram Stadium, Chepauk",138,142,1,66,9,0,6,5,97.1830985915493,6824,131,52.0916030534351,0,1
2015-10-25,South Africa,Wankhede Stadium,7,7,1,1,0,0,0,1,100,6831,132,51.75,0,0
2016-01-12,Australia,Western Australia Cricket Association Ground,91,99,1,33,8,0,9,1,91.9191919191919,6922,133,52.0451127819549,1,0
2016-01-15,Australia,"Brisbane Cricket Ground, Woolloongabba",59,68,1,21,11,0,4,0,86.7647058823529,6981,134,52.0970149253731,1,0
2016-01-17,Australia,Melbourne Cricket Ground,117,119,1,55,8,2,7,2,98.3193277310924,7098,135,52.5777777777778,0,1
2016-01-20,Australia,Manuka Oval,106,95,1,38,9,0,11,1,111.578947368421,7204,136,52.9705882352941,0,1
2016-01-23,Australia,Sydney Cricket Ground,8,13,1,2,1,0,1,0,61.5384615384615,7212,137,52.6423357664234,0,0
2016-10-16,New Zealand,Himachal Pradesh Cricket Association Stadium,85,81,0,21,11,0,9,1,104.938271604938,7297,137,53.2627737226277,1,0
2016-10-20,New Zealand,Feroz Shah Kotla,9,13,1,5,0,0,1,0,69.2307692307692,7306,138,52.9420289855073,0,0
2016-10-23,New Zealand,"Punjab Cricket Association Stadium, Mohali",154,135,0,60,12,0,16,1,114.074074074074,7460,138,54.0579710144928,0,1
2016-10-26,New Zealand,JSCA International Stadium Complex,45,51,1,21,5,0,2,1,88.2352941176471,7505,139,53.9928057553957,0,0
2016-10-29,New Zealand,Dr. Y.S. Rajasekhara Reddy ACA-VDCA Cricket Stadium,65,76,1,47,2,0,2,1,85.5263157894737,7570,140,54.0714285714286,1,0
2017-01-15,England,Maharashtra Cricket Association Stadium,122,106,1,48,6,0,8,5,115.094339622642,7692,141,54.5531914893617,0,1
2017-01-19,England,Barabati Stadium,8,5,1,0,0,0,2,0,160,7700,142,54.2253521126761,0,0
2017-01-22,England,Eden Gardens,55,66,1,17,3,0,8,0,83.3333333333333,7755,143,54.2307692307692,1,0
2017-06-04,Pakistan,Edgbaston,81,68,0,33,3,0,6,3,119.117647058824,7836,143,54.7972027972028,1,0
2017-06-08,Sri Lanka,Kennington Oval,0,5,1,0,0,0,0,0,0,7836,144,54.4166666666667,0,0
2017-06-11,South Africa,Kennington Oval,76,102,0,28,4,2,7,1,74.5098039215686,7912,144,54.9444444444444,1,0
2017-06-15,Bangladesh,Edgbaston,96,78,0,38,0,2,13,0,123.076923076923,8008,144,55.6111111111111,1,0
2017-06-18,Pakistan,Kennington Oval,5,9,1,1,2,0,0,0,55.5555555555556,8013,145,55.2620689655172,0,0
2017-06-23,West Indies,"Queen's Park Oval, Port of Spain",32,47,0,20,4,0,1,0,68.0851063829787,8045,145,55.4827586206897,0,0
2017-06-25,West Indies,"Queen's Park Oval, Port of Spain",87,67,1,35,6,0,4,4,129.850746268657,8132,146,55.6986301369863,1,0
2017-06-30,West Indies,"Sir Vivian Richards Stadium, North Sound",11,22,1,3,0,0,2,0,50,8143,147,55.3945578231293,0,0
2017-07-02,West Indies,"Sir Vivian Richards Stadium, North Sound",3,12,1,0,0,1,0,0,25,8146,148,55.0405405405405,0,0
2017-07-06,West Indies,"Sabina Park, Kingston",111,115,0,32,8,1,12,2,96.5217391304348,8257,148,55.7905405405405,0,1
2017-08-20,Sri Lanka,Rangiri Dambulla International Stadium,82,70,0,25,4,1,10,1,117.142857142857,8339,148,56.3445945945946,1,0
2017-08-24,Sri Lanka,Pallekele International Cricket Stadium,4,2,1,0,0,0,1,0,200,8343,149,55.993288590604,0,0
2017-08-27,Sri Lanka,Pallekele International Cricket Stadium,3,12,1,3,0,0,0,0,25,8346,150,55.64,0,0
2017-08-31,Sri Lanka,"R.Premadasa Stadium, Khettarama",131,98,1,41,5,0,17,2,133.673469387755,8477,151,56.1390728476821,0,1
2017-09-03,Sri Lanka,"R.Premadasa Stadium, Khettarama",110,118,0,47,12,1,9,0,93.2203389830508,8587,151,56.8675496688742,0,1
2017-09-17,Australia,"MA Chidambaram Stadium, Chepauk",0,4,1,0,0,0,0,0,0,8587,152,56.4934210526316,0,0
2017-09-21,Australia,Eden Gardens,92,109,1,42,9,0,8,0,84.4036697247707,8679,153,56.7254901960784,1,0
2017-09-24,Australia,Holkar Cricket Stadium,28,35,1,18,1,0,2,0,80,8707,154,56.538961038961,0,0
2017-09-28,Australia,M.Chinnaswamy Stadium,21,21,1,9,0,0,3,0,100,8728,155,56.3096774193548,0,0
2017-10-01,Australia,"Vidarbha Cricket Association Stadium, Jamtha",39,56,1,22,3,1,2,0,69.6428571428571,8767,156,56.198717948718,0,0
2017-10-22,New Zealand,Wankhede Stadium,121,129,1,65,4,0,9,2,93.7984496124031,8888,157,56.6114649681529,0,1
2017-10-25,New Zealand,Maharashtra Cricket Association Stadium,29,29,1,9,1,0,3,1,100,8917,158,56.4367088607595,0,0
2017-10-29,New Zealand,Green Park,113,108,1,57,7,0,9,1,104.62962962963,9030,159,56.7924528301887,0,1
2018-02-01,South Africa,Kingsmead,112,120,1,56,8,0,10,0,93.3333333333333,9142,160,57.1375,0,1
2018-02-04,South Africa,SuperSport Park,46,51,0,12,6,0,4,1,90.1960784313726,9188,160,57.425,0,0
2018-02-07,South Africa,Newlands,160,165,0,75,11,1,12,2,96.969696969697,9348,160,58.425,0,1
2018-02-10,South Africa,The Wanderers Stadium,75,84,1,29,6,0,7,1,89.2857142857143,9423,161,58.527950310559,1,0
2018-02-13,South Africa,St George's Park,36,54,0,18,5,0,2,0,66.6666666666667,9459,161,58.7515527950311,0,0
2018-02-16,South Africa,SuperSport Park,129,98,0,22,8,1,19,2,131.632653061225,9588,161,59.5527950310559,0,1
2018-07-12,England,Trent Bridge,75,83,1,29,9,0,7,0,90.3614457831325,9663,162,59.6481481481481,1,0
2018-07-14,England,Lord's,45,58,1,27,5,0,2,0,77.5862068965517,9708,163,59.558282208589,0,0
2018-07-17,England,Headingley,71,72,1,35,2,0,8,0,98.6111111111111,9779,164,59.6280487804878,1,0
2018-10-21,West Indies,Barsapara Cricket Stadium,140,108,1,35,3,1,21,2,129.62962962963,9919,165,60.1151515151515,0,1
2018-10-24,West Indies,Dr. Y.S. Rajasekhara Reddy ACA-VDCA Cricket Stadium,157,131,0,62,8,1,13,4,119.847328244275,10076,165,61.0666666666667,0,1
2018-10-27,West Indies,Maharashtra Cricket Association Stadium,107,120,1,53,4,0,10,1,89.1666666666667,10183,166,61.3433734939759,0,1
2018-10-29,West Indies,Brabourne Stadium,16,18,1,6,1,0,2,0,88.8888888888889,10199,167,61.0718562874252,0,0
2018-11-01,West Indies,Greenfield International Stadium,33,30,0,7,1,0,6,0,110,10232,167,61.2694610778443,0,0
2019-01-12,Australia,Sydney Cricket Ground,3,8,1,1,1,0,0,0,37.5,10235,168,60.9226190476191,0,0
2019-01-15,Australia,Adelaide Oval,104,113,1,52,10,0,5,2,92.0353982300885,10339,169,61.1775147928994,0,1
2019-01-18,Australia,Melbourne Cricket Ground,46,62,1,20,4,2,3,0,74.1935483870968,10385,170,61.0882352941176,0,0
2019-01-23,New Zealand,McLean Park,45,59,1,26,2,1,3,0,76.271186440678,10430,171,60.9941520467836,0,0
2019-01-26,New Zealand,Bay Oval,43,45,1,19,2,0,5,0,95.5555555555556,10473,172,60.8895348837209,0,0
2019-01-28,New Zealand,Bay Oval,60,74,1,28,1,0,6,1,81.0810810810811,10533,173,60.8843930635838,1,0
2019-03-02,Australia,"Rajiv Gandhi International Stadium, Uppal",44,46,1,10,2,0,6,1,95.6521739130435,10577,174,60.7873563218391,0,0
2019-03-05,Australia,"Vidarbha Cricket Association Stadium, Jamtha",116,122,1,61,6,1,10,0,95.0819672131148,10693,175,61.1028571428571,0,1
2019-03-08,Australia,JSCA International Stadium Complex,123,96,1,37,8,0,16,1,128.125,10816,176,61.4545454545455,0,1
2019-03-10,Australia,"Punjab Cricket Association IS Bindra Stadium, Mohali",7,6,1,1,1,0,1,0,116.666666666667,10823,177,61.1468926553672,0,0
2019-03-13,Australia,Arun Jaitley Stadium,20,22,1,12,0,0,2,0,90.9090909090909,10843,178,60.9157303370787,0,0
2019-06-05,South Africa,The Rose Bowl,18,34,1,12,1,0,1,0,52.9411764705882,10861,179,60.6759776536313,0,0
2019-06-09,Australia,Kennington Oval,82,79,1,38,8,0,4,2,103.79746835443,10943,180,60.7944444444444,1,0
2019-06-16,Pakistan,Old Trafford,77,66,1,29,10,0,7,0,116.666666666667,11020,181,60.8839779005525,1,0
2019-06-27,West Indies,Old Trafford,72,83,1,25,6,1,8,0,86.7469879518072,11092,182,60.9450549450549,1,0
2019-06-30,England,Edgbaston,66,76,1,26,6,0,7,0,86.8421052631579,11158,183,60.9726775956284,1,0
2019-07-02,Bangladesh,Edgbaston,26,27,1,8,3,0,3,0,96.2962962962963,11184,184,60.7826086956522,0,0
2019-07-06,Sri Lanka,Headingley,34,42,0,18,2,0,3,0,80.952380952381,11218,184,60.9673913043478,0,0
2019-07-09,New Zealand,Old Trafford,1,6,1,1,0,0,0,0,16.6666666666667,11219,185,60.6432432432432,0,0
2019-08-11,West Indies,"Queen's Park Oval, Trinidad",120,131,1,47,4,1,14,1,91.6030534351145,11339,186,60.9623655913979,0,1
2019-08-14,West Indies,"Queen's Park Oval, Trinidad",114,102,0,44,7,0,14,0,111.764705882353,11453,186,61.5752688172043,0,1
2019-12-15,West Indies,"MA Chidambaram Stadium, Chepauk",4,4,1,0,0,0,1,0,100,11457,187,61.2673796791444,0,0
2019-12-18,West Indies,Dr. Y.S. Rajasekhara Reddy ACA-VDCA Cricket Stadium,0,1,1,0,0,0,0,0,0,11457,188,60.9414893617021,0,0
2019-12-22,West Indies,Barabati Stadium,85,82,1,43,3,0,9,0,103.658536585366,11542,189,61.0687830687831,1,0
2020-01-14,Australia,Wankhede Stadium,16,14,1,8,1,0,0,1,114.285714285714,11558,190,60.8315789473684,0,0
2020-01-17,Australia,Saurashtra Cricket Association Stadium,78,76,1,44,5,0,6,0,102.631578947368,11636,191,60.9214659685864,1,0
2020-01-19,Australia,M.Chinnaswamy Stadium,89,92,1,49,4,0,8,0,96.7391304347826,11725,192,61.0677083333333,1,0
2020-02-05,New Zealand,Seddon Park,51,68,1,27,0,0,6,0,75,11776,193,61.0155440414508,1,0
2020-02-08,New Zealand,Eden Park,15,26,1,6,1,1,1,0,57.6923076923077,11791,194,60.7783505154639,0,0
2020-02-11,New Zealand,Bay Oval,9,12,1,3,0,0,0,1,75,11800,195,60.5128205128205,0,0
2020-11-27,Australia,Sydney Cricket Ground,21,22,1,3,2,0,2,1,95.4545454545455,11821,196,60.3112244897959,0,0
2020-11-29,Australia,Sydney Cricket Ground,89,87,1,38,4,1,7,2,102.298850574713,11910,197,60.4568527918782,1,0
2020-12-02,Australia,Manuka Oval,63,78,1,33,5,0,5,0,80.7692307692308,11973,198,60.469696969697,1,0
2021-03-23,England,Maharashtra Cricket Association Stadium,56,60,1,28,2,0,6,0,93.3333333333333,12029,199,60.4472361809045,1,0
2021-03-26,England,Maharashtra Cricket Association Stadium,66,80,1,38,5,0,3,1,82.5,12095,200,60.475,1,0
2021-03-28,England,Maharashtra Cricket Association Stadium,7,11,1,3,0,0,1,0,63.6363636363636,12102,201,60.2089552238806,0,0
2022-01-19,South Africa,"Boland Park, Paarl",51,68,1,31,4,0,3,0,75,12153,202,60.1633663366337,1,0
2022-01-21,South Africa,"Boland Park, Paarl",0,5,1,0,0,0,0,0,0,12153,203,59.8669950738916,0,0
2022-01-23,South Africa,"Newlands, Cape Town",65,86,1,35,5,0,5,0,75.5813953488372,12218,204,59.8921568627451,1,0
2022-02-06,West Indies,"Narendra Modi Stadium, Ahmedabad",8,5,1,0,0,0,2,0,160,12226,205,59.6390243902439,0,0
2022-02-09,West Indies,"Narendra Modi Stadium, Ahmedabad",18,30,1,6,0,0,3,0,60,12244,206,59.4368932038835,0,0
2022-02-11,West Indies,"Narendra Modi Stadium, Ahmedabad",0,2,1,0,0,0,0,0,0,12244,207,59.1497584541063,0,0
2022-07-14,England,"Lord's, London",16,25,1,4,0,0,3,0,64,12260,208,58.9423076923077,0,0
2022-07-17,England,"Old Trafford, Manchester",17,22,1,5,0,0,3,0,77.2727272727273,12277,209,58.7416267942584,0,0
2022-12-04,Bangladesh,"Shere Bangla National Stadium, Mirpur",9,15,1,3,1,0,1,0,60,12286,210,58.5047619047619,0,0
2022-12-07,Bangladesh,"Shere Bangla National Stadium, Mirpur",5,6,1,1,0,0,1,0,83.3333333333333,12291,211,58.2511848341232,0,0
2022-12-10,Bangladesh,"Zahur Ahmed Chowdhury Stadium, Chattogram",113,92,1,46,4,1,11,2,122.826086956522,12404,212,58.5094339622642,0,1
2023-01-10,Sri Lanka,"Barsapara Cricket Stadium, Guwahati",113,88,1,39,10,0,12,1,128.409090909091,12517,213,58.7652582159624,0,1
2023-01-12,Sri Lanka,"Eden Gardens, Kolkata",4,13,1,0,0,0,1,0,30.7692307692308,12521,214,58.5093457943925,0,0
2023-01-15,Sri Lanka,"Greenfield International Stadium, Thiruvananthapuram",166,112,0,54,6,0,13,8,148.214285714286,12687,214,59.285046728972,0,1
2023-01-18,New Zealand,"Rajiv Gandhi International Stadium, Uppal, Hyderabad",8,10,1,4,0,0,1,0,80,12695,215,59.046511627907,0,0
2023-01-21,New Zealand,"Shaheed Veer Narayan Singh International Stadium, Raipur",11,9,1,3,0,0,2,0,122.222222222222,12706,216,58.8240740740741,0,0
2023-01-24,New Zealand,"Holkar Cricket Stadium, Indore",36,27,1,18,0,0,3,1,133.333333333333,12742,217,58.7188940092166,0,0
2023-03-17,Australia,"Wankhede Stadium, Mumbai",4,9,1,0,0,0,1,0,44.4444444444444,12746,218,58.4678899082569,0,0
2023-03-19,Australia,"Dr. Y.S. Rajasekhara Reddy ACA-VDCA Cricket Stadium, Visakhapatnam",31,37,1,11,2,0,4,0,83.7837837837838,12777,219,58.3424657534247,0,0
2023-03-22,Australia,"MA Chidambaram Stadium, Chepauk, Chennai",54,72,1,31,3,1,2,1,75,12831,220,58.3227272727273,1,0
2023-09-02,Pakistan,Pallekele International Cricket Stadium,4,8,1,0,0,0,1,0,50,12835,221,58.0769230769231,0,0
2023-09-10,Pakistan,"R Premadasa Stadium, Colombo",122,94,0,38,15,0,9,3,129.787234042553,12957,221,58.6289592760181,0,1
2023-09-12,Sri Lanka,"R Premadasa Stadium, Colombo",3,12,1,1,1,0,0,0,25,12960,222,58.3783783783784,0,0
2023-09-27,Australia,"Saurashtra Cricket Association Stadium, Rajkot",56,61,1,22,4,0,5,1,91.8032786885246,13016,223,58.3677130044843,1,0
2023-10-08,Australia,"MA Chidambaram Stadium, Chepauk, Chennai",85,119,1,47,7,0,6,0,71.4285714285714,13101,224,58.4866071428571,1,0
2023-10-14,Pakistan,"Narendra Modi Stadium, Ahmedabad",16,19,1,4,0,0,3,0,84.2105263157895,13117,225,58.2977777777778,0,0
2023-10-19,Bangladesh,"Maharashtra Cricket Association Stadium, Pune",103,98,0,45,5,0,6,4,105.102040816327,13220,225,58.7555555555556,0,1
2023-10-22,New Zealand,"Himachal Pradesh Cricket Association Stadium, Dharamsala",95,107,1,43,4,0,8,2,88.785046728972,13315,226,58.9159292035398,1,0
2023-10-29,England,"Bharat Ratna Shri Atal Bihari Vajpayee Ekana Cricket Stadium, Lucknow",0,9,1,0,0,0,0,0,0,13315,227,58.6563876651982,0,0
2023-11-02,Sri Lanka,"Wankhede Stadium, Mumbai",88,96,1,35,3,1,11,0,91.6666666666667,13403,228,58.7850877192983,1,0
2023-11-05,South Africa,"Eden Gardens, Kolkata",101,128,0,49,6,0,10,0,78.90625,13504,228,59.2280701754386,0,1
2023-11-12,Netherlands,"M Chinnaswamy Stadium, Bengaluru",51,57,1,23,1,0,5,1,89.4736842105263,13555,229,59.1921397379913,1,0
2023-11-15,New Zealand,"Wankhede Stadium, Mumbai",117,113,1,49,10,0,9,2,103.53982300885,13672,230,59.4434782608696,0,1
2023-11-19,Australia,"Narendra Modi Stadium, Ahmedabad",54,63,1,34,2,0,4,0,85.7142857142857,13726,231,59.4199134199134,1,0
2024-08-02,Sri Lanka,"R Premadasa Stadium, Colombo",24,32,1,16,0,0,2,0,75,13750,232,59.2672413793103,0,0
2024-08-04,Sri Lanka,"R Premadasa Stadium, Colombo",14,19,1,6,0,0,2,0,73.6842105263158,13764,233,59.0729613733906,0,0
2024-08-07,Sri Lanka,"R Premadasa Stadium, Colombo",20,18,1,0,2,0,4,0,111.111111111111,13784,234,58.9059829059829,0,0
2025-02-09,England,"Barabati Stadium, Cuttack",5,9,1,1,0,0,1,0,55.5555555555556,13789,235,58.6765957446809,0,0
2025-02-12,England,"Narendra Modi Stadium, Ahmedabad",52,57,1,18,0,0,7,1,91.2280701754386,13841,236,58.6483050847458,1,0
2025-02-20,Bangladesh,Dubai International Cricket Stadium,22,38,1,16,1,0,1,0,57.8947368421053,13863,237,58.493670886076,0,0
2025-02-23,Pakistan,Dubai International Cricket Stadium,100,114,0,46,13,0,7,0,87.719298245614,13963,237,58.915611814346,0,1
2025-03-02,New Zealand,Dubai International Cricket Stadium,11,14,1,1,1,0,2,0,78.5714285714286,13974,238,58.7142857142857,0,0
2025-03-04,Australia,Dubai International Cricket Stadium,84,98,1,56,4,0,5,0,85.7142857142857,14058,239,58.8200836820084,1,0
2025-03-09,New Zealand,Dubai International Cricket Stadium,1,2,1,1,0,0,0,0,50,14059,240,58.5791666666667,0,0
2025-10-19,Australia,Perth Stadium,0,8,1,0,0,0,0,0,0,14059,241,58.3360995850622,0,0
2025-10-23,Australia,Adelaide Oval,0,4,1,0,0,0,0,0,0,14059,242,58.0950413223141,0,0
2025-10-25,Australia,Sydney Cricket Ground,74,83,0,36,5,0,7,0,89.1566265060241,14133,242,58.400826446281,1,0
2025-11-30,South Africa,"JSCA International Stadium Complex, Ranchi",135,124,1,40,3,1,11,7,108.870967741935,14268,243,58.7160493827161,0,1
2025-12-03,South Africa,"Shaheed Veer Narayan Singh International Stadium, Raipur",102,96,1,45,7,1,7,2,106.25,14370,244,58.8934426229508,0,1
2025-12-06,South Africa,"Dr. Y.S. Rajasekhara Reddy ACA-VDCA Cricket Stadium, Visakhapatnam",65,46,0,19,2,0,6,3,141.304347826087,14435,244,59.1598360655738,1,0
2026-01-11,New Zealand,"Kotambi Stadium, Vadodara",93,95,1,46,3,1,8,1,97.8947368421053,14528,245,59.2979591836735,1,0
2026-01-14,New Zealand,"Niranjan Shah Stadium, Rajkot",23,30,1,15,0,0,2,0,76.6666666666667,14551,246,59.150406504065,0,0
2026-01-18,New Zealand,"Holkar Cricket Stadium, Indore",124,109,1,53,5,1,10,3,113.761467889908,14675,247,59.412955465587,0,1
